                  epoch,         train/box_loss,         train/cls_loss,         train/dfl_loss,   metrics/precision(B),      metrics/recall(B),       metrics/mAP50(B),    metrics/mAP50-95(B),           val/box_loss,           val/cls_loss,           val/dfl_loss,                 lr/pg0,                 lr/pg1,                 lr/pg2
                      1,                  3.448,                  3.767,                 4.1665,                0.00235,                    0.5,                 0.1886,                0.03347,                  3.658,                 3.8733,                 4.1544,             0.00035007,             0.00035007,             0.00035007
                      2,                 3.0781,                 3.1105,                 3.8496,                 0.0023,                    0.5,                0.09087,                0.01414,                 3.6209,                 3.8417,                 4.1373,             0.00057488,             0.00057488,             0.00057488
                      3,                  2.792,                 2.6269,                 3.3518,                0.00232,                    0.5,                 0.0232,                0.00519,                 3.6029,                 3.8622,                 4.1697,             0.00065446,             0.00065446,             0.00065446
                      4,                 2.5518,                 2.2512,                 2.9359,                0.00229,                    0.5,                0.21642,                0.04737,                  3.572,                 3.7168,                 4.0663,             0.00058882,             0.00058882,             0.00058882
                      5,                  2.331,                 2.0176,                 2.7037,                0.91963,                  0.495,                0.47814,                0.21185,                 3.5405,                 3.0661,                 3.2842,             0.00034674,             0.00034674,             0.00034674
